{
    "format_version": "1.12",
    "minecraft:recipe_shaped": {
        "description": {
            "identifier": "dfsteve:armor_nohand"
        },
        "key": {
            "B": {
                "data": 0,
                "item": "minecraft:copper_ingot"
            },
            "C": {
                "data": 0,
                "item": "minecraft:chain"
            }
        },
        "pattern": [
            " CB",
            "CBC",
            "BC "
        ],
        "result": {
            "count": 1,
            "data": 0,
            "item": "dfsteve:armor_nohand"
        },
        "tags": [
            "crafting_table"
        ]
    }
}