{
    "format_version": "1.12",
    "minecraft:recipe_shaped": {
        "description": {
            "identifier": "dfsteve:theworld2"
        },
        "key": {
            "B": {
                "data": 0,
                "item": "minecraft:glass_bottle"
            },
            "C": {
                "data": 0,
                "item": "minecraft:egg"
            },
            "D": {
                "data": 0,
                "item": "minecraft:honeycomb"
            }
        },
        "pattern": [
            "C",
            "D",
            "B"
        ],
        "result": {
            "count": 1,
            "data": 0,
            "item": "dfsteve:armor_theworld"
        },
        "tags": [
            "crafting_table"
        ]
    }
}