{
    "format_version": "1.12",
    "minecraft:recipe_shapeless": {
        "description": {
            "identifier": "dfsteve:color"
        },
        "ingredients": [
            {
                "count": 1,
                "data": 1,
                "item": "minecraft:dye"
            },
            {
                "count": 1,
                "data": 18,
                "item": "minecraft:dye"
            },
            {
                "count": 1,
                "data": 10,
                "item": "minecraft:dye"
            }
        ],
        "result": {
            "count": 1,
            "data": 0,
            "item": "dfsteve:armor_color"
        },
        "tags": [
            "crafting_table"
        ]
    }
}