{
    "format_version": "1.12",
    "minecraft:recipe_shaped": {
        "description": {
            "identifier": "dfsteve:armor_motor"
        },
        "key": {
            "A": {
                "data": 0,
                "item": "minecraft:redstone"
            },
            "B": {
                "data": 0,
                "item": "minecraft:iron_nugget"
            },
            "C": {
                "data": 0,
                "item": "minecraft:iron_ingot"
            }
        },
        "pattern": [
            "BCB",
            "CAC",
            "BCB"
        ],
        "result": {
            "count": 1,
            "data": 0,
            "item": "dfsteve:armor_motor"
        },
        "tags": [
            "crafting_table"
        ]
    }
}