{
	"format_version": "1.12.0",
	"minecraft:geometry": [
		{
			"description": {
				"identifier": "geometry.armor_alex",
				"texture_width": 64,
				"texture_height": 64,
				"visible_bounds_width": 2,
				"visible_bounds_height": 3,
				"visible_bounds_offset": [0, 1.5, 0]
			},
			"bones": [
				{
					"name": "baseplate",
					"pivot": [0, 0, 0]
				},
				{
					"name": "waist",
					"parent": "baseplate",
					"pivot": [0, 12, 0]
				},
				{
					"name": "body",
					"parent": "waist",
					"pivot": [0, 24, 0],
					"cubes": [
						{"origin": [-4, 12, -2], "size": [8, 12, 4], "uv": [16, 16]},
						{"origin": [-4, 12, -2], "size": [8, 12, 4], "inflate": 0.5, "uv": [16, 32]}
					]
				},
				{
					"name": "head",
					"parent": "body",
					"pivot": [0, 24, 0],
					"cubes": [
						{"origin": [-4, 24, -4], "size": [8, 8, 8], "uv": [0, 0]},
						{"origin": [-4, 24, -4], "size": [8, 8, 8], "inflate": 0.5, "uv": [32, 0]}
					]
				},
				{
					"name": "rightarm",
					"parent": "body",
					"pivot": [-5, 21.5, 0],
					"cubes": [
						{"origin": [-7, 11.5, -2], "size": [3, 12, 4], "uv": [40, 16]},
						{"origin": [-7, 11.5, -2], "size": [3, 12, 4], "inflate": 0.25, "uv": [40, 32]}
					]
				},
				{
					"name": "rightitem",
					"parent": "rightarm",
					"pivot": [-5.5, 15, 0]
				},
				{
					"name": "leftarm",
					"parent": "body",
					"pivot": [5, 21.5, 0],
					"cubes": [
						{"origin": [4, 11.5, -2], "size": [3, 12, 4], "uv": [32, 48]},
						{"origin": [4, 11.5, -2], "size": [3, 12, 4], "inflate": 0.25, "uv": [48, 48]}
					]
				},
				{
					"name": "leftitem",
					"parent": "leftarm",
					"pivot": [6.5, 13, 0]
				},
				{
					"name": "rightleg",
					"parent": "body",
					"pivot": [-1.9, 12, 0],
					"cubes": [
						{"origin": [-4, 0, -2], "size": [4, 12, 4], "uv": [0, 16]},
						{"origin": [-4, 0, -2], "size": [4, 12, 4], "inflate": 0.25, "uv": [0, 32]}
					]
				},
				{
					"name": "leftleg",
					"parent": "body",
					"pivot": [1.9, 12, 0],
					"cubes": [
						{"origin": [0, 0, -2], "size": [4, 12, 4], "uv": [16, 48]},
						{"origin": [0, 0, -2], "size": [4, 12, 4], "inflate": 0.25, "uv": [0, 48]}
					]
				}
			]
		}
	]
}